{"cameraMode":{"drawMode":0,"name":"Shaded","section":"Shading Mode"},"sceneLighting":false,"audioPlay":false,"sceneViewState":{"showFog":true,"showMaterialUpdate":false,"showSkybox":true,"showFlares":true,"showImageEffects":true,"showParticleSystems":true},"in2DMode":false,"pivot":{"x":-2.609999895095825,"y":0.6500000357627869,"z":3.130000114440918},"rotation":{"x":-0.12068702280521393,"y":-0.8426851034164429,"z":0.2118634134531021,"w":-0.48003169894218447},"size":2.7062015533447267,"orthographic":false}