{"cameraMode":{"drawMode":0,"name":"Shaded","section":"Shading Mode"},"sceneLighting":false,"audioPlay":false,"sceneViewState":{"showFog":true,"showMaterialUpdate":false,"showSkybox":true,"showFlares":true,"showImageEffects":true,"showParticleSystems":true},"in2DMode":false,"pivot":{"x":-1.997215747833252,"y":1.5731401443481446,"z":-0.523047685623169},"rotation":{"x":0.201524555683136,"y":-0.5244210958480835,"z":0.12934070825576783,"w":0.8170933127403259},"size":6.276270866394043,"orthographic":false}